goal_x,goal_y,nav2_success,nav2_time,nav2_length,nav2_smoothness,qmcts_success,qmcts_time,qmcts_length,qmcts_smoothness
-6.73,-1.68,True,0.033338069915771484,18.05664148438993,15.950943336489564,True,15.367243766784668,17.398025101144054,1.044472913159523
9.04,-4.26,True,0.014373064041137695,7.072533333519051,7.749147673118725,True,14.568334102630615,7.084426062245944,1.4319294029487044
9.49,-1.93,True,0.008725404739379883,4.853413520660646,11.36737068821778,True,6.29626727104187,4.567825835741057,0.9716210038085897
-8.81,-3.39,True,0.049432992935180664,20.39296746312711,11.084212060125587,True,15.345298528671265,20.394746809259484,0.6841323814957012
-9.52,1.43,True,0.0332026481628418,19.8083290155328,11.415257206703519,True,15.06971025466919,19.546113265481456,0.37781225949896413
-3.53,-1.62,True,0.024622678756713867,15.091276746730154,11.32356028515947,True,15.250217914581299,14.796178067862602,1.9263079102883411
9.88,2.42,True,0.002473115921020508,0.3159761630421619,1.964162482051976,True,0.15695834159851074,0.2915475990866627,0.0
